<?xml version="1.0" encoding="UTF-8"?>
<beans xmlns="http://www.springframework.org/schema/beans"
	xmlns:xsi="http://www.w3.org/2001/XMLSchema-instance"
	xmlns:facebook="http://www.springframework.org/schema/social/facebook"
	xmlns:social="http://www.springframework.org/schema/social"
	xmlns:c="http://www.springframework.org/schema/c"
	xmlns:context="http://www.springframework.org/schema/context"
	xsi:schemaLocation="http://www.springframework.org/schema/social/facebook http://www.springframework.org/schema/social/spring-social-facebook.xsd
		http://www.springframework.org/schema/beans http://www.springframework.org/schema/beans/spring-beans.xsd
		http://www.springframework.org/schema/social http://www.springframework.org/schema/social/spring-social.xsd
		http://www.springframework.org/schema/context http://www.springframework.org/schema/context/spring-context.xsd">


	<context:property-placeholder location="classpath:/org/springframework/social/showcase/config/application.properties" />

	<facebook:config app-id="${facebook.clientId}" app-secret="${facebook.clientSecret}" app-namespace="socialshowcase" />

	<social:jdbc-connection-repository/>	
	<bean id="userIdSource" class="org.springframework.social.security.AuthenticationNameUserIdSource" />

 	<bean id="connectController" class="org.springframework.social.connect.web.ConnectController" autowire="constructor">
		<property name="connectInterceptors">
			<list>
				<bean class="org.springframework.social.showcase.facebook.PostToWallAfterConnectInterceptor" />
			</list>
		</property>
	</bean>
	
	<bean id="psc" class="org.springframework.social.connect.web.ProviderSignInController" autowire="constructor" />		
	<bean id="signInAdapter" class="org.springframework.social.showcase.signin.SimpleSignInAdapter" autowire="constructor" />
	
	<bean id="disconnectController" class="org.springframework.social.facebook.web.DisconnectController" 
		c:_0-ref="usersConnectionRepository" c:_1="${facebook.clientSecret}" />

</beans>
