<?xml version="1.0" encoding="UTF-8"?>
<beans xmlns="http://www.springframework.org/schema/beans"
	xmlns:xsi="http://www.w3.org/2001/XMLSchema-instance"
	xmlns:mvc="http://www.springframework.org/schema/mvc"
	xsi:schemaLocation="http://www.springframework.org/schema/mvc http://www.springframework.org/schema/mvc/spring-mvc-3.0.xsd
		http://www.springframework.org/schema/beans http://www.springframework.org/schema/beans/spring-beans-3.0.xsd">

	<!-- Controls rendering of the home page once a user has signed in -->
	<bean class="org.springframework.social.quickstart.HomeController">
		<constructor-arg ref="facebook" />
	</bean>

	<!-- Allows users to sign-in with their provider accounts.  -->
	<bean class="org.springframework.social.connect.web.ProviderSignInController">
		<constructor-arg ref="connectionFactoryLocator" />
		<constructor-arg ref="usersConnectionRepository" />		
		<constructor-arg>
			<bean class="org.springframework.social.quickstart.user.SimpleSignInAdapter" />
		</constructor-arg>
	</bean>
		
	<mvc:view-controller path="/signin" />
	
	<mvc:view-controller path="/signout" />
	
</beans>
