<?xml version="1.0" encoding="UTF-8"?>
<beans xmlns="http://www.springframework.org/schema/beans"
	xmlns:xsi="http://www.w3.org/2001/XMLSchema-instance"
	xmlns:jdbc="http://www.springframework.org/schema/jdbc"
	xmlns:c="http://www.springframework.org/schema/c"
	xmlns:tx="http://www.springframework.org/schema/tx"
	xsi:schemaLocation="http://www.springframework.org/schema/jdbc http://www.springframework.org/schema/jdbc/spring-jdbc.xsd
		http://www.springframework.org/schema/beans http://www.springframework.org/schema/beans/spring-beans.xsd
		http://www.springframework.org/schema/tx http://www.springframework.org/schema/tx/spring-tx.xsd">

	<jdbc:embedded-database id="dataSource" type="H2">
		<jdbc:script location="classpath:/org/springframework/social/connect/jdbc/JdbcUsersConnectionRepository.sql" />
		<jdbc:script location="classpath:/org/springframework/social/showcase/account/Account.sql" />
		<jdbc:script location="classpath:/org/springframework/social/showcase/account/data.sql" />
	</jdbc:embedded-database>

	<bean id="transactionManager" class="org.springframework.jdbc.datasource.DataSourceTransactionManager"
		c:_-ref="dataSource" />
		
	<bean id="jdbcTemplate" class="org.springframework.jdbc.core.JdbcTemplate"
		c:_-ref="dataSource" />

	<tx:annotation-driven />
	
</beans>
