<?xml version="1.0" encoding="UTF-8"?>
<beans:beans xmlns="http://www.springframework.org/schema/security"
	xmlns:xsi="http://www.w3.org/2001/XMLSchema-instance"
	xmlns:beans="http://www.springframework.org/schema/beans"
	xsi:schemaLocation="http://www.springframework.org/schema/security http://www.springframework.org/schema/security/spring-security.xsd
		http://www.springframework.org/schema/beans http://www.springframework.org/schema/beans/spring-beans.xsd">

	<http pattern="/resources/**" security="none" />

	<http use-expressions="true">
		<!-- Authentication policy -->
		<form-login login-page="/signin" login-processing-url="/signin/authenticate" authentication-failure-url="/signin?param.error=bad_credentials" />
		<logout logout-url="/signout" delete-cookies="JSESSIONID" />
		<intercept-url pattern="/favicon.ico" access="permitAll" />
		<intercept-url pattern="/resources/**" access="permitAll" />
		<intercept-url pattern="/auth/**" access="permitAll" />
		<intercept-url pattern="/signin/**" access="permitAll" />
		<intercept-url pattern="/signup/**" access="permitAll" />
		<intercept-url pattern="/disconnect/facebook" access="permitAll" />
		<intercept-url pattern="/**" access="isAuthenticated()"  />
		<remember-me />
		
		<!--  Spring Social Security authentication filter -->
		<custom-filter ref="socialAuthenticationFilter" before="PRE_AUTH_FILTER" />
	</http>

	<authentication-manager alias="authenticationManager">
		<authentication-provider user-service-ref="userDetailsService">
			<password-encoder ref="passwordEncoder" />
		</authentication-provider>
		
		<!-- Spring Social Security authentication provider -->
		<authentication-provider ref="socialAuthenticationProvider" />
	</authentication-manager>	

	<jdbc-user-service id="userDetailsService" 
					data-source-ref="dataSource" 
					users-by-username-query="select username, password, true from Account where username = ?"
					authorities-by-username-query="select username, 'ROLE_USER' from Account where username = ?"/>
	
	<beans:bean id="textEncryptor" class="org.springframework.security.crypto.encrypt.Encryptors"
		factory-method="noOpText" />
		
	<beans:bean id="passwordEncoder" class="org.springframework.security.crypto.password.NoOpPasswordEncoder"
		factory-method="getInstance" />
	
</beans:beans>